{"cameraMode":{"drawMode":0,"name":"Shaded","section":"Shading Mode"},"sceneLighting":true,"audioPlay":false,"sceneViewState":{"showFog":true,"showMaterialUpdate":false,"showSkybox":true,"showFlares":true,"showImageEffects":true,"showParticleSystems":true},"in2DMode":false,"pivot":{"x":490.0406799316406,"y":131.90390014648438,"z":56.90308380126953},"rotation":{"x":0.13618439435958863,"y":-0.05347422510385513,"z":0.007361849769949913,"w":0.9892125725746155},"size":264.1556701660156,"orthographic":false}