{"cameraMode":{"drawMode":0,"name":"Shaded","section":"Shading Mode"},"sceneLighting":false,"audioPlay":false,"sceneViewState":{"m_AlwaysRefresh":false,"showFog":true,"showSkybox":false,"showFlares":true,"showImageEffects":true,"showParticleSystems":true,"showVisualEffectGraphs":true,"m_FxEnabled":true},"in2DMode":false,"pivot":{"x":-0.11613810062408447,"y":0.6376336812973023,"z":-2.3938019275665285},"rotation":{"x":0.012152517214417458,"y":0.98748779296875,"z":-0.09689651429653168,"w":0.1238827258348465},"size":3.077134132385254,"orthographic":false}