{"cameraMode":{"drawMode":0,"name":"Shaded","section":"Shading Mode"},"sceneLighting":true,"audioPlay":false,"sceneViewState":{"showFog":true,"showMaterialUpdate":false,"showSkybox":true,"showFlares":true,"showImageEffects":true,"showParticleSystems":true},"in2DMode":false,"pivot":{"x":-0.3864535391330719,"y":8.046026229858399,"z":-12.522807121276856},"rotation":{"x":-0.23071245849132539,"y":0.002040441846475005,"z":-0.00048387818969786167,"w":-0.9730232954025269},"size":0.9906331896781921,"orthographic":false}