{"cameraMode":{"drawMode":0,"name":"Shaded","section":"Shading Mode"},"sceneLighting":false,"audioPlay":false,"sceneViewState":{"showFog":true,"showMaterialUpdate":false,"showSkybox":false,"showFlares":true,"showImageEffects":true,"showParticleSystems":true},"in2DMode":false,"pivot":{"x":2.9802322387695315e-8,"y":0.0,"z":-5.960464477539063e-8},"rotation":{"x":-0.23071245849132539,"y":0.002040441846475005,"z":-0.00048387818969786167,"w":-0.9730232954025269},"size":0.6123724579811096,"orthographic":false}