{"cameraMode":{"drawMode":0,"name":"Shaded","section":"Shading Mode"},"sceneLighting":false,"audioPlay":false,"sceneViewState":{"m_AlwaysRefresh":false,"showFog":true,"showSkybox":false,"showFlares":true,"showImageEffects":true,"showParticleSystems":true,"showVisualEffectGraphs":true,"m_FxEnabled":true},"in2DMode":false,"pivot":{"x":0.2056821584701538,"y":0.8171781897544861,"z":-1.0231647491455079},"rotation":{"x":-0.0026590609923005106,"y":0.9834249019622803,"z":0.014446740970015526,"w":0.18078261613845826},"size":1.477054238319397,"orthographic":false}