{"cameraMode":{"drawMode":0,"name":"Shaded","section":"Shading Mode"},"sceneLighting":false,"audioPlay":false,"sceneViewState":{"m_AlwaysRefresh":false,"showFog":true,"showSkybox":false,"showFlares":true,"showImageEffects":true,"showParticleSystems":true,"showVisualEffectGraphs":true,"m_FxEnabled":true},"in2DMode":false,"pivot":{"x":-0.00031876564025878906,"y":2.090003728866577,"z":-0.06293421983718872},"rotation":{"x":-0.0760878324508667,"y":0.9089673757553101,"z":-0.36285263299942019,"w":-0.1906053125858307},"size":3.0683224201202394,"orthographic":false}